condition_id,trace_id,profile_id,waveform_id,monitor_schema,monitor_sample_count,tree_package,tree_action,decision_path,decision_path_length,out_of_distribution,actual_safe,actual_cost,oracle_cost,actual_regret,raw_trace_monitor_match,raw_trace_mismatches,deployment_action
baseline_qam16_bw20_bo058_seed41,1,baseline,qam16_bw20_bo058,aligned_complex_pa_monitor_v2,1152,1,direct_suggestion,0,1,0,1,21328,21328,0,1,,fallback_14
baseline_qam16_bw20_bo058_seed53,2,baseline,qam16_bw20_bo058,aligned_complex_pa_monitor_v2,1152,1,direct_suggestion,0,1,0,1,31538,31538,0,1,,fallback_14
baseline_qam16_bw20_bo058_seed67,3,baseline,qam16_bw20_bo058,aligned_complex_pa_monitor_v2,1152,1,direct_suggestion,0,1,0,1,50498,50498,0,1,,fallback_14
baseline_qam16_bw20_bo070_seed41,4,baseline,qam16_bw20_bo070,aligned_complex_pa_monitor_v2,1152,6,fallback_14,13,4,0,1,,94253,,1,,fallback_14
baseline_qam16_bw20_bo070_seed53,5,baseline,qam16_bw20_bo070,aligned_complex_pa_monitor_v2,1152,6,fallback_14,4,3,0,1,,,,1,,fallback_14
baseline_qam16_bw20_bo070_seed67,6,baseline,qam16_bw20_bo070,aligned_complex_pa_monitor_v2,1152,6,fallback_14,4,3,0,1,,,,1,,fallback_14
baseline_qam16_bw40_bo058_seed41,7,baseline,qam16_bw40_bo058,aligned_complex_pa_monitor_v2,2304,1,direct_suggestion,0,1,0,1,20139,20139,0,1,,fallback_14
baseline_qam16_bw40_bo058_seed53,8,baseline,qam16_bw40_bo058,aligned_complex_pa_monitor_v2,2304,1,direct_suggestion,0,1,0,1,25794,25794,0,1,,fallback_14
baseline_qam16_bw40_bo058_seed67,9,baseline,qam16_bw40_bo058,aligned_complex_pa_monitor_v2,2304,1,direct_suggestion,0,1,0,1,61172,61172,0,1,,fallback_14
baseline_qam16_bw40_bo070_seed41,10,baseline,qam16_bw40_bo070,aligned_complex_pa_monitor_v2,2304,6,fallback_14,12,4,0,1,,71125,,1,,fallback_14
baseline_qam16_bw40_bo070_seed53,11,baseline,qam16_bw40_bo070,aligned_complex_pa_monitor_v2,2304,6,fallback_14,12,4,0,1,,83300,,1,,fallback_14
baseline_qam16_bw40_bo070_seed67,12,baseline,qam16_bw40_bo070,aligned_complex_pa_monitor_v2,2304,6,fallback_14,4,3,0,1,,,,1,,fallback_14
baseline_qam64_bw20_bo058_seed41,13,baseline,qam64_bw20_bo058,aligned_complex_pa_monitor_v2,1152,1,direct_suggestion,0,1,0,1,48016,48016,0,1,,fallback_14
baseline_qam64_bw20_bo058_seed53,14,baseline,qam64_bw20_bo058,aligned_complex_pa_monitor_v2,1152,1,direct_suggestion,0,1,0,1,20299,20299,0,1,,fallback_14
baseline_qam64_bw20_bo058_seed67,15,baseline,qam64_bw20_bo058,aligned_complex_pa_monitor_v2,1152,1,direct_suggestion,0,1,0,1,50791,50791,0,1,,fallback_14
baseline_qam64_bw20_bo070_seed41,16,baseline,qam64_bw20_bo070,aligned_complex_pa_monitor_v2,1152,4,direct_suggestion,11,4,0,1,89187,89187,0,1,,fallback_14
baseline_qam64_bw20_bo070_seed53,17,baseline,qam64_bw20_bo070,aligned_complex_pa_monitor_v2,1152,6,fallback_14,10,4,0,1,,73199,,1,,fallback_14
baseline_qam64_bw20_bo070_seed67,18,baseline,qam64_bw20_bo070,aligned_complex_pa_monitor_v2,1152,6,fallback_14,13,4,0,1,,113157,,1,,fallback_14
baseline_qam64_bw40_bo058_seed41,19,baseline,qam64_bw40_bo058,aligned_complex_pa_monitor_v2,2304,1,direct_suggestion,0,1,0,1,19708,19708,0,1,,fallback_14
baseline_qam64_bw40_bo058_seed53,20,baseline,qam64_bw40_bo058,aligned_complex_pa_monitor_v2,2304,1,direct_suggestion,0,1,0,1,20119,20119,0,1,,fallback_14
baseline_qam64_bw40_bo058_seed67,21,baseline,qam64_bw40_bo058,aligned_complex_pa_monitor_v2,2304,1,direct_suggestion,0,1,0,1,58410,58410,0,1,,fallback_14
baseline_qam64_bw40_bo070_seed41,22,baseline,qam64_bw40_bo070,aligned_complex_pa_monitor_v2,2304,6,fallback_14,12,4,0,1,,83313,,1,,fallback_14
baseline_qam64_bw40_bo070_seed53,23,baseline,qam64_bw40_bo070,aligned_complex_pa_monitor_v2,2304,6,fallback_14,12,4,0,1,,72654,,1,,fallback_14
baseline_qam64_bw40_bo070_seed67,24,baseline,qam64_bw40_bo070,aligned_complex_pa_monitor_v2,2304,6,fallback_14,13,4,0,1,,,,1,,fallback_14
gain_mid_low_qam16_bw20_bo058_seed41,25,gain_mid_low,qam16_bw20_bo058,aligned_complex_pa_monitor_v2,1152,1,direct_suggestion,0,1,0,1,23859,23859,0,1,,fallback_14
gain_mid_low_qam16_bw20_bo058_seed53,26,gain_mid_low,qam16_bw20_bo058,aligned_complex_pa_monitor_v2,1152,1,direct_suggestion,0,1,0,1,33391,33391,0,1,,fallback_14
gain_mid_low_qam16_bw20_bo058_seed67,27,gain_mid_low,qam16_bw20_bo058,aligned_complex_pa_monitor_v2,1152,1,direct_suggestion,0,1,0,1,52028,52028,0,1,,fallback_14
gain_mid_low_qam16_bw20_bo070_seed41,28,gain_mid_low,qam16_bw20_bo070,aligned_complex_pa_monitor_v2,1152,6,fallback_14,13,4,0,1,,98707,,1,,fallback_14
gain_mid_low_qam16_bw20_bo070_seed53,29,gain_mid_low,qam16_bw20_bo070,aligned_complex_pa_monitor_v2,1152,6,fallback_14,4,3,0,1,,,,1,,fallback_14
gain_mid_low_qam16_bw20_bo070_seed67,30,gain_mid_low,qam16_bw20_bo070,aligned_complex_pa_monitor_v2,1152,6,fallback_14,4,3,0,1,,,,1,,fallback_14
gain_mid_low_qam16_bw40_bo058_seed41,31,gain_mid_low,qam16_bw40_bo058,aligned_complex_pa_monitor_v2,2304,1,direct_suggestion,0,1,0,1,21073,21073,0,1,,fallback_14
gain_mid_low_qam16_bw40_bo058_seed53,32,gain_mid_low,qam16_bw40_bo058,aligned_complex_pa_monitor_v2,2304,1,direct_suggestion,0,1,0,1,26865,26865,0,1,,fallback_14
gain_mid_low_qam16_bw40_bo058_seed67,33,gain_mid_low,qam16_bw40_bo058,aligned_complex_pa_monitor_v2,2304,1,direct_suggestion,0,1,0,1,62740,62740,0,1,,fallback_14
gain_mid_low_qam16_bw40_bo070_seed41,34,gain_mid_low,qam16_bw40_bo070,aligned_complex_pa_monitor_v2,2304,6,fallback_14,12,4,0,1,,73718,,1,,fallback_14
gain_mid_low_qam16_bw40_bo070_seed53,35,gain_mid_low,qam16_bw40_bo070,aligned_complex_pa_monitor_v2,2304,6,fallback_14,12,4,0,1,,86185,,1,,fallback_14
gain_mid_low_qam16_bw40_bo070_seed67,36,gain_mid_low,qam16_bw40_bo070,aligned_complex_pa_monitor_v2,2304,6,fallback_14,4,3,0,1,,,,1,,fallback_14
gain_mid_low_qam64_bw20_bo058_seed41,37,gain_mid_low,qam64_bw20_bo058,aligned_complex_pa_monitor_v2,1152,1,direct_suggestion,0,1,0,1,48867,48867,0,1,,fallback_14
gain_mid_low_qam64_bw20_bo058_seed53,38,gain_mid_low,qam64_bw20_bo058,aligned_complex_pa_monitor_v2,1152,1,direct_suggestion,0,1,0,1,21074,21074,0,1,,fallback_14
gain_mid_low_qam64_bw20_bo058_seed67,39,gain_mid_low,qam64_bw20_bo058,aligned_complex_pa_monitor_v2,1152,1,direct_suggestion,0,1,0,1,52904,52904,0,1,,fallback_14
gain_mid_low_qam64_bw20_bo070_seed41,40,gain_mid_low,qam64_bw20_bo070,aligned_complex_pa_monitor_v2,1152,4,direct_suggestion,11,4,0,1,92594,92594,0,1,,fallback_14
gain_mid_low_qam64_bw20_bo070_seed53,41,gain_mid_low,qam64_bw20_bo070,aligned_complex_pa_monitor_v2,1152,6,fallback_14,10,4,0,1,,77306,,1,,fallback_14
gain_mid_low_qam64_bw20_bo070_seed67,42,gain_mid_low,qam64_bw20_bo070,aligned_complex_pa_monitor_v2,1152,6,fallback_14,13,4,0,1,,116941,,1,,fallback_14
gain_mid_low_qam64_bw40_bo058_seed41,43,gain_mid_low,qam64_bw40_bo058,aligned_complex_pa_monitor_v2,2304,1,direct_suggestion,0,1,0,1,21234,21234,0,1,,fallback_14
gain_mid_low_qam64_bw40_bo058_seed53,44,gain_mid_low,qam64_bw40_bo058,aligned_complex_pa_monitor_v2,2304,1,direct_suggestion,0,1,0,1,21466,21466,0,1,,fallback_14
gain_mid_low_qam64_bw40_bo058_seed67,45,gain_mid_low,qam64_bw40_bo058,aligned_complex_pa_monitor_v2,2304,1,direct_suggestion,0,1,0,1,59422,59422,0,1,,fallback_14
gain_mid_low_qam64_bw40_bo070_seed41,46,gain_mid_low,qam64_bw40_bo070,aligned_complex_pa_monitor_v2,2304,6,fallback_14,12,4,0,1,,87404,,1,,fallback_14
gain_mid_low_qam64_bw40_bo070_seed53,47,gain_mid_low,qam64_bw40_bo070,aligned_complex_pa_monitor_v2,2304,6,fallback_14,12,4,0,1,,75851,,1,,fallback_14
gain_mid_low_qam64_bw40_bo070_seed67,48,gain_mid_low,qam64_bw40_bo070,aligned_complex_pa_monitor_v2,2304,6,fallback_14,13,4,0,1,,,,1,,fallback_14
gain_low_qam16_bw20_bo058_seed41,49,gain_low,qam16_bw20_bo058,aligned_complex_pa_monitor_v2,1152,1,direct_suggestion,0,1,0,1,29026,29026,0,1,,fallback_14
gain_low_qam16_bw20_bo058_seed53,50,gain_low,qam16_bw20_bo058,aligned_complex_pa_monitor_v2,1152,1,direct_suggestion,0,1,0,1,38896,38896,0,1,,fallback_14
gain_low_qam16_bw20_bo058_seed67,51,gain_low,qam16_bw20_bo058,aligned_complex_pa_monitor_v2,1152,1,direct_suggestion,0,1,0,1,56611,56611,0,1,,fallback_14
gain_low_qam16_bw20_bo070_seed41,52,gain_low,qam16_bw20_bo070,aligned_complex_pa_monitor_v2,1152,6,fallback_14,13,4,0,1,,107686,,1,,fallback_14
gain_low_qam16_bw20_bo070_seed53,53,gain_low,qam16_bw20_bo070,aligned_complex_pa_monitor_v2,1152,6,fallback_14,4,3,0,1,,,,1,,fallback_14
gain_low_qam16_bw20_bo070_seed67,54,gain_low,qam16_bw20_bo070,aligned_complex_pa_monitor_v2,1152,6,fallback_14,4,3,0,1,,,,1,,fallback_14
gain_low_qam16_bw40_bo058_seed41,55,gain_low,qam16_bw40_bo058,aligned_complex_pa_monitor_v2,2304,1,direct_suggestion,0,1,0,1,24185,24185,0,1,,fallback_14
gain_low_qam16_bw40_bo058_seed53,56,gain_low,qam16_bw40_bo058,aligned_complex_pa_monitor_v2,2304,1,direct_suggestion,0,1,0,1,29425,29425,0,1,,fallback_14
gain_low_qam16_bw40_bo058_seed67,57,gain_low,qam16_bw40_bo058,aligned_complex_pa_monitor_v2,2304,1,direct_suggestion,0,1,0,1,67156,67156,0,1,,fallback_14
gain_low_qam16_bw40_bo070_seed41,58,gain_low,qam16_bw40_bo070,aligned_complex_pa_monitor_v2,2304,6,fallback_14,12,4,0,1,,77988,,1,,fallback_14
gain_low_qam16_bw40_bo070_seed53,59,gain_low,qam16_bw40_bo070,aligned_complex_pa_monitor_v2,2304,6,fallback_14,12,4,0,1,,91060,,1,,fallback_14
gain_low_qam16_bw40_bo070_seed67,60,gain_low,qam16_bw40_bo070,aligned_complex_pa_monitor_v2,2304,6,fallback_14,4,3,0,1,,,,1,,fallback_14
gain_low_qam64_bw20_bo058_seed41,61,gain_low,qam64_bw20_bo058,aligned_complex_pa_monitor_v2,1152,1,direct_suggestion,0,1,0,1,51939,51939,0,1,,fallback_14
gain_low_qam64_bw20_bo058_seed53,62,gain_low,qam64_bw20_bo058,aligned_complex_pa_monitor_v2,1152,1,direct_suggestion,0,1,0,1,23845,23845,0,1,,fallback_14
gain_low_qam64_bw20_bo058_seed67,63,gain_low,qam64_bw20_bo058,aligned_complex_pa_monitor_v2,1152,1,direct_suggestion,0,1,0,1,57485,57485,0,1,,fallback_14
gain_low_qam64_bw20_bo070_seed41,64,gain_low,qam64_bw20_bo070,aligned_complex_pa_monitor_v2,1152,4,direct_suggestion,11,4,0,1,98594,98594,0,1,,fallback_14
gain_low_qam64_bw20_bo070_seed53,65,gain_low,qam64_bw20_bo070,aligned_complex_pa_monitor_v2,1152,6,fallback_14,10,4,0,1,,83349,,1,,fallback_14
gain_low_qam64_bw20_bo070_seed67,66,gain_low,qam64_bw20_bo070,aligned_complex_pa_monitor_v2,1152,6,fallback_14,13,4,0,1,,123668,,1,,fallback_14
gain_low_qam64_bw40_bo058_seed41,67,gain_low,qam64_bw40_bo058,aligned_complex_pa_monitor_v2,2304,1,direct_suggestion,0,1,0,1,25715,25715,0,1,,fallback_14
gain_low_qam64_bw40_bo058_seed53,68,gain_low,qam64_bw40_bo058,aligned_complex_pa_monitor_v2,2304,1,direct_suggestion,0,1,0,1,25074,25074,0,1,,fallback_14
gain_low_qam64_bw40_bo058_seed67,69,gain_low,qam64_bw40_bo058,aligned_complex_pa_monitor_v2,2304,1,direct_suggestion,0,1,0,1,62499,62499,0,1,,fallback_14
gain_low_qam64_bw40_bo070_seed41,70,gain_low,qam64_bw40_bo070,aligned_complex_pa_monitor_v2,2304,6,fallback_14,12,4,0,1,,94645,,1,,fallback_14
gain_low_qam64_bw40_bo070_seed53,71,gain_low,qam64_bw40_bo070,aligned_complex_pa_monitor_v2,2304,6,fallback_14,12,4,0,1,,80831,,1,,fallback_14
gain_low_qam64_bw40_bo070_seed67,72,gain_low,qam64_bw40_bo070,aligned_complex_pa_monitor_v2,2304,6,fallback_14,12,4,0,1,,,,1,,fallback_14
gain_high_qam16_bw20_bo058_seed41,73,gain_high,qam16_bw20_bo058,aligned_complex_pa_monitor_v2,1152,1,direct_suggestion,0,1,0,1,20823,20823,0,1,,fallback_14
gain_high_qam16_bw20_bo058_seed53,74,gain_high,qam16_bw20_bo058,aligned_complex_pa_monitor_v2,1152,1,direct_suggestion,0,1,0,1,30624,30624,0,1,,fallback_14
gain_high_qam16_bw20_bo058_seed67,75,gain_high,qam16_bw20_bo058,aligned_complex_pa_monitor_v2,1152,1,direct_suggestion,0,1,0,1,50669,50669,0,1,,fallback_14
gain_high_qam16_bw20_bo070_seed41,76,gain_high,qam16_bw20_bo070,aligned_complex_pa_monitor_v2,1152,6,fallback_14,13,4,0,1,,91473,,1,,fallback_14
gain_high_qam16_bw20_bo070_seed53,77,gain_high,qam16_bw20_bo070,aligned_complex_pa_monitor_v2,1152,6,fallback_14,4,3,0,1,,,,1,,fallback_14
gain_high_qam16_bw20_bo070_seed67,78,gain_high,qam16_bw20_bo070,aligned_complex_pa_monitor_v2,1152,6,fallback_14,4,3,0,1,,,,1,,fallback_14
gain_high_qam16_bw40_bo058_seed41,79,gain_high,qam16_bw40_bo058,aligned_complex_pa_monitor_v2,2304,1,direct_suggestion,0,1,0,1,20303,20303,0,1,,fallback_14
gain_high_qam16_bw40_bo058_seed53,80,gain_high,qam16_bw40_bo058,aligned_complex_pa_monitor_v2,2304,1,direct_suggestion,0,1,0,1,25759,25759,0,1,,fallback_14
gain_high_qam16_bw40_bo058_seed67,81,gain_high,qam16_bw40_bo058,aligned_complex_pa_monitor_v2,2304,1,direct_suggestion,0,1,0,1,61033,61033,0,1,,fallback_14
gain_high_qam16_bw40_bo070_seed41,82,gain_high,qam16_bw40_bo070,aligned_complex_pa_monitor_v2,2304,6,fallback_14,12,4,0,1,,70043,,1,,fallback_14
gain_high_qam16_bw40_bo070_seed53,83,gain_high,qam16_bw40_bo070,aligned_complex_pa_monitor_v2,2304,6,fallback_14,12,4,0,1,,82090,,1,,fallback_14
gain_high_qam16_bw40_bo070_seed67,84,gain_high,qam16_bw40_bo070,aligned_complex_pa_monitor_v2,2304,6,fallback_14,4,3,0,1,,,,1,,fallback_14
gain_high_qam64_bw20_bo058_seed41,85,gain_high,qam64_bw20_bo058,aligned_complex_pa_monitor_v2,1152,1,direct_suggestion,0,1,0,1,48582,48582,0,1,,fallback_14
gain_high_qam64_bw20_bo058_seed53,86,gain_high,qam64_bw20_bo058,aligned_complex_pa_monitor_v2,1152,1,direct_suggestion,0,1,0,1,20168,20168,0,1,,fallback_14
gain_high_qam64_bw20_bo058_seed67,87,gain_high,qam64_bw20_bo058,aligned_complex_pa_monitor_v2,1152,1,direct_suggestion,0,1,0,1,50393,50393,0,1,,fallback_14
gain_high_qam64_bw20_bo070_seed41,88,gain_high,qam64_bw20_bo070,aligned_complex_pa_monitor_v2,1152,6,fallback_14,13,4,0,1,,87462,,1,,fallback_14
gain_high_qam64_bw20_bo070_seed53,89,gain_high,qam64_bw20_bo070,aligned_complex_pa_monitor_v2,1152,6,fallback_14,10,4,0,1,,71991,,1,,fallback_14
gain_high_qam64_bw20_bo070_seed67,90,gain_high,qam64_bw20_bo070,aligned_complex_pa_monitor_v2,1152,6,fallback_14,13,4,0,1,,111600,,1,,fallback_14
gain_high_qam64_bw40_bo058_seed41,91,gain_high,qam64_bw40_bo058,aligned_complex_pa_monitor_v2,2304,1,direct_suggestion,0,1,0,1,19841,19841,0,1,,fallback_14
gain_high_qam64_bw40_bo058_seed53,92,gain_high,qam64_bw40_bo058,aligned_complex_pa_monitor_v2,2304,1,direct_suggestion,0,1,0,1,19896,19896,0,1,,fallback_14
gain_high_qam64_bw40_bo058_seed67,93,gain_high,qam64_bw40_bo058,aligned_complex_pa_monitor_v2,2304,1,direct_suggestion,0,1,0,1,58639,58639,0,1,,fallback_14
gain_high_qam64_bw40_bo070_seed41,94,gain_high,qam64_bw40_bo070,aligned_complex_pa_monitor_v2,2304,6,fallback_14,12,4,0,1,,81195,,1,,fallback_14
gain_high_qam64_bw40_bo070_seed53,95,gain_high,qam64_bw40_bo070,aligned_complex_pa_monitor_v2,2304,6,fallback_14,13,4,0,1,,71268,,1,,fallback_14
gain_high_qam64_bw40_bo070_seed67,96,gain_high,qam64_bw40_bo070,aligned_complex_pa_monitor_v2,2304,6,fallback_14,13,4,0,1,,,,1,,fallback_14
sat_mid_qam16_bw20_bo058_seed41,97,sat_mid,qam16_bw20_bo058,aligned_complex_pa_monitor_v2,1152,1,direct_suggestion,0,1,0,1,22145,22145,0,1,,fallback_14
sat_mid_qam16_bw20_bo058_seed53,98,sat_mid,qam16_bw20_bo058,aligned_complex_pa_monitor_v2,1152,1,direct_suggestion,0,1,0,1,31543,31543,0,1,,fallback_14
sat_mid_qam16_bw20_bo058_seed67,99,sat_mid,qam16_bw20_bo058,aligned_complex_pa_monitor_v2,1152,1,direct_suggestion,0,1,0,1,50546,50546,0,1,,fallback_14
sat_mid_qam16_bw20_bo070_seed41,100,sat_mid,qam16_bw20_bo070,aligned_complex_pa_monitor_v2,1152,6,fallback_14,13,4,0,1,,95267,,1,,fallback_14
sat_mid_qam16_bw20_bo070_seed53,101,sat_mid,qam16_bw20_bo070,aligned_complex_pa_monitor_v2,1152,6,fallback_14,4,3,0,1,,,,1,,fallback_14
sat_mid_qam16_bw20_bo070_seed67,102,sat_mid,qam16_bw20_bo070,aligned_complex_pa_monitor_v2,1152,6,fallback_14,4,3,0,1,,,,1,,fallback_14
sat_mid_qam16_bw40_bo058_seed41,103,sat_mid,qam16_bw40_bo058,aligned_complex_pa_monitor_v2,2304,1,direct_suggestion,0,1,0,1,20346,20346,0,1,,fallback_14
sat_mid_qam16_bw40_bo058_seed53,104,sat_mid,qam16_bw40_bo058,aligned_complex_pa_monitor_v2,2304,1,direct_suggestion,0,1,0,1,25922,25922,0,1,,fallback_14
sat_mid_qam16_bw40_bo058_seed67,105,sat_mid,qam16_bw40_bo058,aligned_complex_pa_monitor_v2,2304,1,direct_suggestion,0,1,0,1,61733,61733,0,1,,fallback_14
sat_mid_qam16_bw40_bo070_seed41,106,sat_mid,qam16_bw40_bo070,aligned_complex_pa_monitor_v2,2304,6,fallback_14,12,4,0,1,,71743,,1,,fallback_14
sat_mid_qam16_bw40_bo070_seed53,107,sat_mid,qam16_bw40_bo070,aligned_complex_pa_monitor_v2,2304,6,fallback_14,12,4,0,1,,83873,,1,,fallback_14
sat_mid_qam16_bw40_bo070_seed67,108,sat_mid,qam16_bw40_bo070,aligned_complex_pa_monitor_v2,2304,6,fallback_14,4,3,0,1,,,,1,,fallback_14
sat_mid_qam64_bw20_bo058_seed41,109,sat_mid,qam64_bw20_bo058,aligned_complex_pa_monitor_v2,1152,1,direct_suggestion,0,1,0,1,48247,48247,0,1,,fallback_14
sat_mid_qam64_bw20_bo058_seed53,110,sat_mid,qam64_bw20_bo058,aligned_complex_pa_monitor_v2,1152,1,direct_suggestion,0,1,0,1,20721,20721,0,1,,fallback_14
sat_mid_qam64_bw20_bo058_seed67,111,sat_mid,qam64_bw20_bo058,aligned_complex_pa_monitor_v2,1152,1,direct_suggestion,0,1,0,1,51165,51165,0,1,,fallback_14
sat_mid_qam64_bw20_bo070_seed41,112,sat_mid,qam64_bw20_bo070,aligned_complex_pa_monitor_v2,1152,6,fallback_14,13,4,0,1,,89619,,1,,fallback_14
sat_mid_qam64_bw20_bo070_seed53,113,sat_mid,qam64_bw20_bo070,aligned_complex_pa_monitor_v2,1152,6,fallback_14,10,4,0,1,,74743,,1,,fallback_14
sat_mid_qam64_bw20_bo070_seed67,114,sat_mid,qam64_bw20_bo070,aligned_complex_pa_monitor_v2,1152,6,fallback_14,13,4,0,1,,114171,,1,,fallback_14
sat_mid_qam64_bw40_bo058_seed41,115,sat_mid,qam64_bw40_bo058,aligned_complex_pa_monitor_v2,2304,1,direct_suggestion,0,1,0,1,19971,19971,0,1,,fallback_14
sat_mid_qam64_bw40_bo058_seed53,116,sat_mid,qam64_bw40_bo058,aligned_complex_pa_monitor_v2,2304,1,direct_suggestion,0,1,0,1,20134,20134,0,1,,fallback_14
sat_mid_qam64_bw40_bo058_seed67,117,sat_mid,qam64_bw40_bo058,aligned_complex_pa_monitor_v2,2304,1,direct_suggestion,0,1,0,1,58519,58519,0,1,,fallback_14
sat_mid_qam64_bw40_bo070_seed41,118,sat_mid,qam64_bw40_bo070,aligned_complex_pa_monitor_v2,2304,6,fallback_14,12,4,0,1,,85049,,1,,fallback_14
sat_mid_qam64_bw40_bo070_seed53,119,sat_mid,qam64_bw40_bo070,aligned_complex_pa_monitor_v2,2304,6,fallback_14,12,4,0,1,,73565,,1,,fallback_14
sat_mid_qam64_bw40_bo070_seed67,120,sat_mid,qam64_bw40_bo070,aligned_complex_pa_monitor_v2,2304,6,fallback_14,13,4,0,1,,,,1,,fallback_14
sat_early_qam16_bw20_bo058_seed41,121,sat_early,qam16_bw20_bo058,aligned_complex_pa_monitor_v2,1152,1,direct_suggestion,0,1,0,1,23168,23168,0,1,,fallback_14
sat_early_qam16_bw20_bo058_seed53,122,sat_early,qam16_bw20_bo058,aligned_complex_pa_monitor_v2,1152,1,direct_suggestion,0,1,0,1,33265,33265,0,1,,fallback_14
sat_early_qam16_bw20_bo058_seed67,123,sat_early,qam16_bw20_bo058,aligned_complex_pa_monitor_v2,1152,1,direct_suggestion,0,1,0,1,51621,51621,0,1,,fallback_14
sat_early_qam16_bw20_bo070_seed41,124,sat_early,qam16_bw20_bo070,aligned_complex_pa_monitor_v2,1152,6,fallback_14,13,4,0,1,,98916,,1,,fallback_14
sat_early_qam16_bw20_bo070_seed53,125,sat_early,qam16_bw20_bo070,aligned_complex_pa_monitor_v2,1152,6,fallback_14,4,3,0,1,,,,1,,fallback_14
sat_early_qam16_bw20_bo070_seed67,126,sat_early,qam16_bw20_bo070,aligned_complex_pa_monitor_v2,1152,6,fallback_14,4,3,0,1,,,,1,,fallback_14
sat_early_qam16_bw40_bo058_seed41,127,sat_early,qam16_bw40_bo058,aligned_complex_pa_monitor_v2,2304,1,direct_suggestion,0,1,0,1,21215,21215,0,1,,fallback_14
sat_early_qam16_bw40_bo058_seed53,128,sat_early,qam16_bw40_bo058,aligned_complex_pa_monitor_v2,2304,1,direct_suggestion,0,1,0,1,25934,25934,0,1,,fallback_14
sat_early_qam16_bw40_bo058_seed67,129,sat_early,qam16_bw40_bo058,aligned_complex_pa_monitor_v2,2304,1,direct_suggestion,0,1,0,1,62780,62780,0,1,,fallback_14
sat_early_qam16_bw40_bo070_seed41,130,sat_early,qam16_bw40_bo070,aligned_complex_pa_monitor_v2,2304,6,fallback_14,12,4,0,1,,73619,,1,,fallback_14
sat_early_qam16_bw40_bo070_seed53,131,sat_early,qam16_bw40_bo070,aligned_complex_pa_monitor_v2,2304,6,fallback_14,12,4,0,1,,85260,,1,,fallback_14
sat_early_qam16_bw40_bo070_seed67,132,sat_early,qam16_bw40_bo070,aligned_complex_pa_monitor_v2,2304,6,fallback_14,4,3,0,1,,,,1,,fallback_14
sat_early_qam64_bw20_bo058_seed41,133,sat_early,qam64_bw20_bo058,aligned_complex_pa_monitor_v2,1152,1,direct_suggestion,0,1,0,1,48929,48929,0,1,,fallback_14
sat_early_qam64_bw20_bo058_seed53,134,sat_early,qam64_bw20_bo058,aligned_complex_pa_monitor_v2,1152,1,direct_suggestion,0,1,0,1,20979,20979,0,1,,fallback_14
sat_early_qam64_bw20_bo058_seed67,135,sat_early,qam64_bw20_bo058,aligned_complex_pa_monitor_v2,1152,1,direct_suggestion,0,1,0,1,52167,52167,0,1,,fallback_14
sat_early_qam64_bw20_bo070_seed41,136,sat_early,qam64_bw20_bo070,aligned_complex_pa_monitor_v2,1152,4,direct_suggestion,11,4,0,1,91727,91727,0,1,,fallback_14
sat_early_qam64_bw20_bo070_seed53,137,sat_early,qam64_bw20_bo070,aligned_complex_pa_monitor_v2,1152,6,fallback_14,10,4,0,1,,75732,,1,,fallback_14
sat_early_qam64_bw20_bo070_seed67,138,sat_early,qam64_bw20_bo070,aligned_complex_pa_monitor_v2,1152,6,fallback_14,13,4,0,1,,116729,,1,,fallback_14
sat_early_qam64_bw40_bo058_seed41,139,sat_early,qam64_bw40_bo058,aligned_complex_pa_monitor_v2,2304,1,direct_suggestion,0,1,0,1,21338,21338,0,1,,fallback_14
sat_early_qam64_bw40_bo058_seed53,140,sat_early,qam64_bw40_bo058,aligned_complex_pa_monitor_v2,2304,1,direct_suggestion,0,1,0,1,21119,21119,0,1,,fallback_14
sat_early_qam64_bw40_bo058_seed67,141,sat_early,qam64_bw40_bo058,aligned_complex_pa_monitor_v2,2304,1,direct_suggestion,0,1,0,1,59378,59378,0,1,,fallback_14
sat_early_qam64_bw40_bo070_seed41,142,sat_early,qam64_bw40_bo070,aligned_complex_pa_monitor_v2,2304,6,fallback_14,12,4,0,1,,88289,,1,,fallback_14
sat_early_qam64_bw40_bo070_seed53,143,sat_early,qam64_bw40_bo070,aligned_complex_pa_monitor_v2,2304,6,fallback_14,12,4,0,1,,75074,,1,,fallback_14
sat_early_qam64_bw40_bo070_seed67,144,sat_early,qam64_bw40_bo070,aligned_complex_pa_monitor_v2,2304,6,fallback_14,13,4,0,1,,,,1,,fallback_14
memory_short_qam16_bw20_bo058_seed41,145,memory_short,qam16_bw20_bo058,aligned_complex_pa_monitor_v2,1152,1,direct_suggestion,0,1,0,1,20669,20669,0,1,,fallback_14
memory_short_qam16_bw20_bo058_seed53,146,memory_short,qam16_bw20_bo058,aligned_complex_pa_monitor_v2,1152,1,direct_suggestion,0,1,0,1,30227,30227,0,1,,fallback_14
memory_short_qam16_bw20_bo058_seed67,147,memory_short,qam16_bw20_bo058,aligned_complex_pa_monitor_v2,1152,1,direct_suggestion,0,1,0,1,49513,49513,0,1,,fallback_14
memory_short_qam16_bw20_bo070_seed41,148,memory_short,qam16_bw20_bo070,aligned_complex_pa_monitor_v2,1152,6,fallback_14,13,4,0,1,,97522,,1,,fallback_14
memory_short_qam16_bw20_bo070_seed53,149,memory_short,qam16_bw20_bo070,aligned_complex_pa_monitor_v2,1152,6,fallback_14,4,3,0,1,,,,1,,fallback_14
memory_short_qam16_bw20_bo070_seed67,150,memory_short,qam16_bw20_bo070,aligned_complex_pa_monitor_v2,1152,6,fallback_14,4,3,0,1,,,,1,,fallback_14
memory_short_qam16_bw40_bo058_seed41,151,memory_short,qam16_bw40_bo058,aligned_complex_pa_monitor_v2,2304,1,direct_suggestion,0,1,0,1,19660,19660,0,1,,fallback_14
memory_short_qam16_bw40_bo058_seed53,152,memory_short,qam16_bw40_bo058,aligned_complex_pa_monitor_v2,2304,1,direct_suggestion,0,1,0,1,25434,25434,0,1,,fallback_14
memory_short_qam16_bw40_bo058_seed67,153,memory_short,qam16_bw40_bo058,aligned_complex_pa_monitor_v2,2304,1,direct_suggestion,0,1,0,1,60734,60734,0,1,,fallback_14
memory_short_qam16_bw40_bo070_seed41,154,memory_short,qam16_bw40_bo070,aligned_complex_pa_monitor_v2,2304,6,fallback_14,12,4,0,1,,74592,,1,,fallback_14
memory_short_qam16_bw40_bo070_seed53,155,memory_short,qam16_bw40_bo070,aligned_complex_pa_monitor_v2,2304,6,fallback_14,12,4,0,1,,87817,,1,,fallback_14
memory_short_qam16_bw40_bo070_seed67,156,memory_short,qam16_bw40_bo070,aligned_complex_pa_monitor_v2,2304,6,fallback_14,4,3,0,1,,,,1,,fallback_14
memory_short_qam64_bw20_bo058_seed41,157,memory_short,qam64_bw20_bo058,aligned_complex_pa_monitor_v2,1152,1,direct_suggestion,0,1,0,1,47903,47903,0,1,,fallback_14
memory_short_qam64_bw20_bo058_seed53,158,memory_short,qam64_bw20_bo058,aligned_complex_pa_monitor_v2,1152,1,direct_suggestion,0,1,0,1,19424,19424,0,1,,fallback_14
memory_short_qam64_bw20_bo058_seed67,159,memory_short,qam64_bw20_bo058,aligned_complex_pa_monitor_v2,1152,1,direct_suggestion,0,1,0,1,49628,49628,0,1,,fallback_14
memory_short_qam64_bw20_bo070_seed41,160,memory_short,qam64_bw20_bo070,aligned_complex_pa_monitor_v2,1152,4,direct_suggestion,11,4,0,1,92926,92926,0,1,,fallback_14
memory_short_qam64_bw20_bo070_seed53,161,memory_short,qam64_bw20_bo070,aligned_complex_pa_monitor_v2,1152,6,fallback_14,12,4,0,1,,79345,,1,,fallback_14
memory_short_qam64_bw20_bo070_seed67,162,memory_short,qam64_bw20_bo070,aligned_complex_pa_monitor_v2,1152,6,fallback_14,13,4,0,1,,117358,,1,,fallback_14
memory_short_qam64_bw40_bo058_seed41,163,memory_short,qam64_bw40_bo058,aligned_complex_pa_monitor_v2,2304,1,direct_suggestion,0,1,0,1,19568,19568,0,1,,fallback_14
memory_short_qam64_bw40_bo058_seed53,164,memory_short,qam64_bw40_bo058,aligned_complex_pa_monitor_v2,2304,1,direct_suggestion,0,1,0,1,19094,19094,0,1,,fallback_14
memory_short_qam64_bw40_bo058_seed67,165,memory_short,qam64_bw40_bo058,aligned_complex_pa_monitor_v2,2304,1,direct_suggestion,0,1,0,1,57708,57708,0,1,,fallback_14
memory_short_qam64_bw40_bo070_seed41,166,memory_short,qam64_bw40_bo070,aligned_complex_pa_monitor_v2,2304,6,fallback_14,12,4,0,1,,86293,,1,,fallback_14
memory_short_qam64_bw40_bo070_seed53,167,memory_short,qam64_bw40_bo070,aligned_complex_pa_monitor_v2,2304,6,fallback_14,12,4,0,1,,75527,,1,,fallback_14
memory_short_qam64_bw40_bo070_seed67,168,memory_short,qam64_bw40_bo070,aligned_complex_pa_monitor_v2,2304,6,fallback_14,13,4,0,1,,,,1,,fallback_14
noise_mid_qam16_bw20_bo058_seed41,169,noise_mid,qam16_bw20_bo058,aligned_complex_pa_monitor_v2,1152,1,direct_suggestion,0,1,0,1,26747,26747,0,1,,fallback_14
noise_mid_qam16_bw20_bo058_seed53,170,noise_mid,qam16_bw20_bo058,aligned_complex_pa_monitor_v2,1152,1,direct_suggestion,0,1,0,1,36311,36311,0,1,,fallback_14
noise_mid_qam16_bw20_bo058_seed67,171,noise_mid,qam16_bw20_bo058,aligned_complex_pa_monitor_v2,1152,1,direct_suggestion,0,1,0,1,55378,55378,0,1,,fallback_14
noise_mid_qam16_bw20_bo070_seed41,172,noise_mid,qam16_bw20_bo070,aligned_complex_pa_monitor_v2,1152,6,fallback_14,13,4,0,1,,96247,,1,,fallback_14
noise_mid_qam16_bw20_bo070_seed53,173,noise_mid,qam16_bw20_bo070,aligned_complex_pa_monitor_v2,1152,6,fallback_14,4,3,0,1,,,,1,,fallback_14
noise_mid_qam16_bw20_bo070_seed67,174,noise_mid,qam16_bw20_bo070,aligned_complex_pa_monitor_v2,1152,6,fallback_14,4,3,0,1,,,,1,,fallback_14
noise_mid_qam16_bw40_bo058_seed41,175,noise_mid,qam16_bw40_bo058,aligned_complex_pa_monitor_v2,2304,1,direct_suggestion,0,1,0,1,24741,24741,0,1,,fallback_14
noise_mid_qam16_bw40_bo058_seed53,176,noise_mid,qam16_bw40_bo058,aligned_complex_pa_monitor_v2,2304,1,direct_suggestion,0,1,0,1,30546,30546,0,1,,fallback_14
noise_mid_qam16_bw40_bo058_seed67,177,noise_mid,qam16_bw40_bo058,aligned_complex_pa_monitor_v2,2304,1,direct_suggestion,0,1,0,1,65880,65880,0,1,,fallback_14
noise_mid_qam16_bw40_bo070_seed41,178,noise_mid,qam16_bw40_bo070,aligned_complex_pa_monitor_v2,2304,6,fallback_14,12,4,0,1,,72407,,1,,fallback_14
noise_mid_qam16_bw40_bo070_seed53,179,noise_mid,qam16_bw40_bo070,aligned_complex_pa_monitor_v2,2304,6,fallback_14,12,4,0,1,,84834,,1,,fallback_14
noise_mid_qam16_bw40_bo070_seed67,180,noise_mid,qam16_bw40_bo070,aligned_complex_pa_monitor_v2,2304,6,fallback_14,4,3,0,1,,,,1,,fallback_14
noise_mid_qam64_bw20_bo058_seed41,181,noise_mid,qam64_bw20_bo058,aligned_complex_pa_monitor_v2,1152,1,direct_suggestion,0,1,0,1,53025,53025,0,1,,fallback_14
noise_mid_qam64_bw20_bo058_seed53,182,noise_mid,qam64_bw20_bo058,aligned_complex_pa_monitor_v2,1152,1,direct_suggestion,0,1,0,1,25019,25019,0,1,,fallback_14
noise_mid_qam64_bw20_bo058_seed67,183,noise_mid,qam64_bw20_bo058,aligned_complex_pa_monitor_v2,1152,1,direct_suggestion,0,1,0,1,55552,55552,0,1,,fallback_14
noise_mid_qam64_bw20_bo070_seed41,184,noise_mid,qam64_bw20_bo070,aligned_complex_pa_monitor_v2,1152,4,direct_suggestion,11,4,0,1,90772,90772,0,1,,fallback_14
noise_mid_qam64_bw20_bo070_seed53,185,noise_mid,qam64_bw20_bo070,aligned_complex_pa_monitor_v2,1152,6,fallback_14,10,4,0,1,,77216,,1,,fallback_14
noise_mid_qam64_bw20_bo070_seed67,186,noise_mid,qam64_bw20_bo070,aligned_complex_pa_monitor_v2,1152,6,fallback_14,13,4,0,1,,114824,,1,,fallback_14
noise_mid_qam64_bw40_bo058_seed41,187,noise_mid,qam64_bw40_bo058,aligned_complex_pa_monitor_v2,2304,1,direct_suggestion,0,1,0,1,25612,25612,0,1,,fallback_14
noise_mid_qam64_bw40_bo058_seed53,188,noise_mid,qam64_bw40_bo058,aligned_complex_pa_monitor_v2,2304,1,direct_suggestion,0,1,0,1,24468,24468,0,1,,fallback_14
noise_mid_qam64_bw40_bo058_seed67,189,noise_mid,qam64_bw40_bo058,aligned_complex_pa_monitor_v2,2304,1,direct_suggestion,0,1,0,1,62724,62724,0,1,,fallback_14
noise_mid_qam64_bw40_bo070_seed41,190,noise_mid,qam64_bw40_bo070,aligned_complex_pa_monitor_v2,2304,6,fallback_14,12,4,0,1,,85860,,1,,fallback_14
noise_mid_qam64_bw40_bo070_seed53,191,noise_mid,qam64_bw40_bo070,aligned_complex_pa_monitor_v2,2304,6,fallback_14,13,4,0,1,,74376,,1,,fallback_14
noise_mid_qam64_bw40_bo070_seed67,192,noise_mid,qam64_bw40_bo070,aligned_complex_pa_monitor_v2,2304,6,fallback_14,13,4,0,1,,,,1,,fallback_14
noise_high_qam16_bw20_bo058_seed41,193,noise_high,qam16_bw20_bo058,aligned_complex_pa_monitor_v2,1152,1,direct_suggestion,0,1,0,1,55025,55025,0,1,,fallback_14
noise_high_qam16_bw20_bo058_seed53,194,noise_high,qam16_bw20_bo058,aligned_complex_pa_monitor_v2,1152,1,direct_suggestion,0,1,0,1,62379,62379,0,1,,fallback_14
noise_high_qam16_bw20_bo058_seed67,195,noise_high,qam16_bw20_bo058,aligned_complex_pa_monitor_v2,1152,1,direct_suggestion,0,1,0,1,76344,76344,0,1,,fallback_14
noise_high_qam16_bw20_bo070_seed41,196,noise_high,qam16_bw20_bo070,aligned_complex_pa_monitor_v2,1152,6,fallback_14,13,4,0,1,,109455,,1,,fallback_14
noise_high_qam16_bw20_bo070_seed53,197,noise_high,qam16_bw20_bo070,aligned_complex_pa_monitor_v2,1152,6,fallback_14,13,4,0,1,,,,1,,fallback_14
noise_high_qam16_bw20_bo070_seed67,198,noise_high,qam16_bw20_bo070,aligned_complex_pa_monitor_v2,1152,6,fallback_14,4,3,0,1,,,,1,,fallback_14
noise_high_qam16_bw40_bo058_seed41,199,noise_high,qam16_bw40_bo058,aligned_complex_pa_monitor_v2,2304,1,direct_suggestion,0,1,0,1,44438,44438,0,1,,fallback_14
noise_high_qam16_bw40_bo058_seed53,200,noise_high,qam16_bw40_bo058,aligned_complex_pa_monitor_v2,2304,1,direct_suggestion,0,1,0,1,57415,57415,0,1,,fallback_14
noise_high_qam16_bw40_bo058_seed67,201,noise_high,qam16_bw40_bo058,aligned_complex_pa_monitor_v2,2304,1,direct_suggestion,0,1,0,1,86470,86470,0,1,,fallback_14
noise_high_qam16_bw40_bo070_seed41,202,noise_high,qam16_bw40_bo070,aligned_complex_pa_monitor_v2,2304,6,fallback_14,13,4,0,1,,85461,,1,,fallback_14
noise_high_qam16_bw40_bo070_seed53,203,noise_high,qam16_bw40_bo070,aligned_complex_pa_monitor_v2,2304,6,fallback_14,12,4,0,1,,98452,,1,,fallback_14
noise_high_qam16_bw40_bo070_seed67,204,noise_high,qam16_bw40_bo070,aligned_complex_pa_monitor_v2,2304,6,fallback_14,13,4,0,1,,,,1,,fallback_14
noise_high_qam64_bw20_bo058_seed41,205,noise_high,qam64_bw20_bo058,aligned_complex_pa_monitor_v2,1152,1,direct_suggestion,0,1,0,1,75102,75102,0,1,,fallback_14
noise_high_qam64_bw20_bo058_seed53,206,noise_high,qam64_bw20_bo058,aligned_complex_pa_monitor_v2,1152,1,direct_suggestion,0,1,0,1,43880,43880,0,1,,fallback_14
noise_high_qam64_bw20_bo058_seed67,207,noise_high,qam64_bw20_bo058,aligned_complex_pa_monitor_v2,1152,1,direct_suggestion,0,1,0,1,79011,79011,0,1,,fallback_14
noise_high_qam64_bw20_bo070_seed41,208,noise_high,qam64_bw20_bo070,aligned_complex_pa_monitor_v2,1152,4,direct_suggestion,11,4,0,1,105559,105559,0,1,,fallback_14
noise_high_qam64_bw20_bo070_seed53,209,noise_high,qam64_bw20_bo070,aligned_complex_pa_monitor_v2,1152,6,fallback_14,10,4,0,1,,93022,,1,,fallback_14
noise_high_qam64_bw20_bo070_seed67,210,noise_high,qam64_bw20_bo070,aligned_complex_pa_monitor_v2,1152,6,fallback_14,13,4,0,1,,126385,,1,,fallback_14
noise_high_qam64_bw40_bo058_seed41,211,noise_high,qam64_bw40_bo058,aligned_complex_pa_monitor_v2,2304,1,direct_suggestion,0,1,0,1,56053,56053,0,1,,fallback_14
noise_high_qam64_bw40_bo058_seed53,212,noise_high,qam64_bw40_bo058,aligned_complex_pa_monitor_v2,2304,1,direct_suggestion,0,1,0,1,44501,44501,0,1,,fallback_14
noise_high_qam64_bw40_bo058_seed67,213,noise_high,qam64_bw40_bo058,aligned_complex_pa_monitor_v2,2304,1,direct_suggestion,0,1,0,1,84270,84270,0,1,,fallback_14
noise_high_qam64_bw40_bo070_seed41,214,noise_high,qam64_bw40_bo070,aligned_complex_pa_monitor_v2,2304,6,fallback_14,13,4,0,1,,100889,,1,,fallback_14
noise_high_qam64_bw40_bo070_seed53,215,noise_high,qam64_bw40_bo070,aligned_complex_pa_monitor_v2,2304,6,fallback_14,13,4,0,1,,85341,,1,,fallback_14
noise_high_qam64_bw40_bo070_seed67,216,noise_high,qam64_bw40_bo070,aligned_complex_pa_monitor_v2,2304,6,fallback_14,13,4,0,1,,,,1,,fallback_14
thermal_mild_qam16_bw20_bo058_seed41,217,thermal_mild,qam16_bw20_bo058,aligned_complex_pa_monitor_v2,1152,1,direct_suggestion,0,1,0,1,37062,37062,0,1,,fallback_14
thermal_mild_qam16_bw20_bo058_seed53,218,thermal_mild,qam16_bw20_bo058,aligned_complex_pa_monitor_v2,1152,1,direct_suggestion,0,1,0,1,47319,47319,0,1,,fallback_14
thermal_mild_qam16_bw20_bo058_seed67,219,thermal_mild,qam16_bw20_bo058,aligned_complex_pa_monitor_v2,1152,1,direct_suggestion,0,1,0,1,65326,65326,0,1,,fallback_14
thermal_mild_qam16_bw20_bo070_seed41,220,thermal_mild,qam16_bw20_bo070,aligned_complex_pa_monitor_v2,1152,6,fallback_14,13,4,0,1,,99409,,1,,fallback_14
thermal_mild_qam16_bw20_bo070_seed53,221,thermal_mild,qam16_bw20_bo070,aligned_complex_pa_monitor_v2,1152,6,fallback_14,4,3,0,1,,,,1,,fallback_14
thermal_mild_qam16_bw20_bo070_seed67,222,thermal_mild,qam16_bw20_bo070,aligned_complex_pa_monitor_v2,1152,6,fallback_14,4,3,0,1,,,,1,,fallback_14
thermal_mild_qam16_bw40_bo058_seed41,223,thermal_mild,qam16_bw40_bo058,aligned_complex_pa_monitor_v2,2304,1,direct_suggestion,0,1,0,1,35207,35207,0,1,,fallback_14
thermal_mild_qam16_bw40_bo058_seed53,224,thermal_mild,qam16_bw40_bo058,aligned_complex_pa_monitor_v2,2304,1,direct_suggestion,0,1,0,1,41152,41152,0,1,,fallback_14
thermal_mild_qam16_bw40_bo058_seed67,225,thermal_mild,qam16_bw40_bo058,aligned_complex_pa_monitor_v2,2304,1,direct_suggestion,0,1,0,1,76142,76142,0,1,,fallback_14
thermal_mild_qam16_bw40_bo070_seed41,226,thermal_mild,qam16_bw40_bo070,aligned_complex_pa_monitor_v2,2304,6,fallback_14,12,4,0,1,,76644,,1,,fallback_14
thermal_mild_qam16_bw40_bo070_seed53,227,thermal_mild,qam16_bw40_bo070,aligned_complex_pa_monitor_v2,2304,6,fallback_14,12,4,0,1,,89839,,1,,fallback_14
thermal_mild_qam16_bw40_bo070_seed67,228,thermal_mild,qam16_bw40_bo070,aligned_complex_pa_monitor_v2,2304,6,fallback_14,4,3,0,1,,,,1,,fallback_14
thermal_mild_qam64_bw20_bo058_seed41,229,thermal_mild,qam64_bw20_bo058,aligned_complex_pa_monitor_v2,1152,1,direct_suggestion,0,1,0,1,63790,63790,0,1,,fallback_14
thermal_mild_qam64_bw20_bo058_seed53,230,thermal_mild,qam64_bw20_bo058,aligned_complex_pa_monitor_v2,1152,1,direct_suggestion,0,1,0,1,35790,35790,0,1,,fallback_14
thermal_mild_qam64_bw20_bo058_seed67,231,thermal_mild,qam64_bw20_bo058,aligned_complex_pa_monitor_v2,1152,1,direct_suggestion,0,1,0,1,65322,65322,0,1,,fallback_14
thermal_mild_qam64_bw20_bo070_seed41,232,thermal_mild,qam64_bw20_bo070,aligned_complex_pa_monitor_v2,1152,4,direct_suggestion,11,4,0,1,96336,96336,0,1,,fallback_14
thermal_mild_qam64_bw20_bo070_seed53,233,thermal_mild,qam64_bw20_bo070,aligned_complex_pa_monitor_v2,1152,6,fallback_14,10,4,0,1,,79402,,1,,fallback_14
thermal_mild_qam64_bw20_bo070_seed67,234,thermal_mild,qam64_bw20_bo070,aligned_complex_pa_monitor_v2,1152,6,fallback_14,13,4,0,1,,117659,,1,,fallback_14
thermal_mild_qam64_bw40_bo058_seed41,235,thermal_mild,qam64_bw40_bo058,aligned_complex_pa_monitor_v2,2304,1,direct_suggestion,0,1,0,1,34398,34398,0,1,,fallback_14
thermal_mild_qam64_bw40_bo058_seed53,236,thermal_mild,qam64_bw40_bo058,aligned_complex_pa_monitor_v2,2304,1,direct_suggestion,0,1,0,1,35087,35087,0,1,,fallback_14
thermal_mild_qam64_bw40_bo058_seed67,237,thermal_mild,qam64_bw40_bo058,aligned_complex_pa_monitor_v2,2304,1,direct_suggestion,0,1,0,1,73334,73334,0,1,,fallback_14
thermal_mild_qam64_bw40_bo070_seed41,238,thermal_mild,qam64_bw40_bo070,aligned_complex_pa_monitor_v2,2304,6,fallback_14,12,4,0,1,,89300,,1,,fallback_14
thermal_mild_qam64_bw40_bo070_seed53,239,thermal_mild,qam64_bw40_bo070,aligned_complex_pa_monitor_v2,2304,6,fallback_14,12,4,0,1,,78430,,1,,fallback_14
thermal_mild_qam64_bw40_bo070_seed67,240,thermal_mild,qam64_bw40_bo070,aligned_complex_pa_monitor_v2,2304,6,fallback_14,13,4,0,1,,,,1,,fallback_14
thermal_drift_qam16_bw20_bo058_seed41,241,thermal_drift,qam16_bw20_bo058,aligned_complex_pa_monitor_v2,1152,1,direct_suggestion,0,1,0,1,61734,61734,0,1,,fallback_14
thermal_drift_qam16_bw20_bo058_seed53,242,thermal_drift,qam16_bw20_bo058,aligned_complex_pa_monitor_v2,1152,1,direct_suggestion,0,1,0,1,70801,70801,0,1,,fallback_14
thermal_drift_qam16_bw20_bo058_seed67,243,thermal_drift,qam16_bw20_bo058,aligned_complex_pa_monitor_v2,1152,1,direct_suggestion,0,1,0,1,88319,88319,0,1,,fallback_14
thermal_drift_qam16_bw20_bo070_seed41,244,thermal_drift,qam16_bw20_bo070,aligned_complex_pa_monitor_v2,1152,6,fallback_14,7,3,0,1,,113326,,1,,fallback_14
thermal_drift_qam16_bw20_bo070_seed53,245,thermal_drift,qam16_bw20_bo070,aligned_complex_pa_monitor_v2,1152,6,fallback_14,4,3,0,1,,,,1,,fallback_14
thermal_drift_qam16_bw20_bo070_seed67,246,thermal_drift,qam16_bw20_bo070,aligned_complex_pa_monitor_v2,1152,6,fallback_14,4,3,0,1,,,,1,,fallback_14
thermal_drift_qam16_bw40_bo058_seed41,247,thermal_drift,qam16_bw40_bo058,aligned_complex_pa_monitor_v2,2304,1,direct_suggestion,0,1,0,1,58804,58804,0,1,,fallback_14
thermal_drift_qam16_bw40_bo058_seed53,248,thermal_drift,qam16_bw40_bo058,aligned_complex_pa_monitor_v2,2304,1,direct_suggestion,0,1,0,1,65389,65389,0,1,,fallback_14
thermal_drift_qam16_bw40_bo058_seed67,249,thermal_drift,qam16_bw40_bo058,aligned_complex_pa_monitor_v2,2304,1,direct_suggestion,0,1,0,1,99585,99585,0,1,,fallback_14
thermal_drift_qam16_bw40_bo070_seed41,250,thermal_drift,qam16_bw40_bo070,aligned_complex_pa_monitor_v2,2304,6,fallback_14,12,4,0,1,,89435,,1,,fallback_14
thermal_drift_qam16_bw40_bo070_seed53,251,thermal_drift,qam16_bw40_bo070,aligned_complex_pa_monitor_v2,2304,6,fallback_14,12,4,0,1,,103616,,1,,fallback_14
thermal_drift_qam16_bw40_bo070_seed67,252,thermal_drift,qam16_bw40_bo070,aligned_complex_pa_monitor_v2,2304,6,fallback_14,4,3,0,1,,,,1,,fallback_14
thermal_drift_qam64_bw20_bo058_seed41,253,thermal_drift,qam64_bw20_bo058,aligned_complex_pa_monitor_v2,1152,1,direct_suggestion,0,1,0,1,88153,88153,0,1,,fallback_14
thermal_drift_qam64_bw20_bo058_seed53,254,thermal_drift,qam64_bw20_bo058,aligned_complex_pa_monitor_v2,1152,1,direct_suggestion,0,1,0,1,60254,60254,0,1,,fallback_14
thermal_drift_qam64_bw20_bo058_seed67,255,thermal_drift,qam64_bw20_bo058,aligned_complex_pa_monitor_v2,1152,1,direct_suggestion,0,1,0,1,87503,87503,0,1,,fallback_14
thermal_drift_qam64_bw20_bo070_seed41,256,thermal_drift,qam64_bw20_bo070,aligned_complex_pa_monitor_v2,1152,4,direct_suggestion,11,4,0,1,111830,111830,0,1,,fallback_14
thermal_drift_qam64_bw20_bo070_seed53,257,thermal_drift,qam64_bw20_bo070,aligned_complex_pa_monitor_v2,1152,6,fallback_14,10,4,0,1,,93437,,1,,fallback_14
thermal_drift_qam64_bw20_bo070_seed67,258,thermal_drift,qam64_bw20_bo070,aligned_complex_pa_monitor_v2,1152,6,fallback_14,7,3,0,1,,128687,,1,,fallback_14
thermal_drift_qam64_bw40_bo058_seed41,259,thermal_drift,qam64_bw40_bo058,aligned_complex_pa_monitor_v2,2304,1,direct_suggestion,0,1,0,1,57564,57564,0,1,,fallback_14
thermal_drift_qam64_bw40_bo058_seed53,260,thermal_drift,qam64_bw40_bo058,aligned_complex_pa_monitor_v2,2304,1,direct_suggestion,0,1,0,1,58538,58538,0,1,,fallback_14
thermal_drift_qam64_bw40_bo058_seed67,261,thermal_drift,qam64_bw40_bo058,aligned_complex_pa_monitor_v2,2304,1,direct_suggestion,0,1,0,1,96145,96145,0,1,,fallback_14
thermal_drift_qam64_bw40_bo070_seed41,262,thermal_drift,qam64_bw40_bo070,aligned_complex_pa_monitor_v2,2304,6,fallback_14,7,3,0,1,,102604,,1,,fallback_14
thermal_drift_qam64_bw40_bo070_seed53,263,thermal_drift,qam64_bw40_bo070,aligned_complex_pa_monitor_v2,2304,6,fallback_14,12,4,0,1,,91592,,1,,fallback_14
thermal_drift_qam64_bw40_bo070_seed67,264,thermal_drift,qam64_bw40_bo070,aligned_complex_pa_monitor_v2,2304,6,fallback_14,13,4,0,1,,,,1,,fallback_14
combined_stress_qam16_bw20_bo058_seed41,265,combined_stress,qam16_bw20_bo058,aligned_complex_pa_monitor_v2,1152,1,direct_suggestion,0,1,0,1,84965,84965,0,1,,fallback_14
combined_stress_qam16_bw20_bo058_seed53,266,combined_stress,qam16_bw20_bo058,aligned_complex_pa_monitor_v2,1152,1,direct_suggestion,0,1,0,1,92217,92217,0,1,,fallback_14
combined_stress_qam16_bw20_bo058_seed67,267,combined_stress,qam16_bw20_bo058,aligned_complex_pa_monitor_v2,1152,1,direct_suggestion,0,1,0,1,106199,106199,0,1,,fallback_14
combined_stress_qam16_bw20_bo070_seed41,268,combined_stress,qam16_bw20_bo070,aligned_complex_pa_monitor_v2,1152,6,fallback_14,7,3,0,1,,,,1,,fallback_14
combined_stress_qam16_bw20_bo070_seed53,269,combined_stress,qam16_bw20_bo070,aligned_complex_pa_monitor_v2,1152,6,fallback_14,4,3,0,1,,,,1,,fallback_14
combined_stress_qam16_bw20_bo070_seed67,270,combined_stress,qam16_bw20_bo070,aligned_complex_pa_monitor_v2,1152,6,fallback_14,4,3,0,1,,,,1,,fallback_14
combined_stress_qam16_bw40_bo058_seed41,271,combined_stress,qam16_bw40_bo058,aligned_complex_pa_monitor_v2,2304,1,direct_suggestion,0,1,0,1,71758,71758,0,1,,fallback_14
combined_stress_qam16_bw40_bo058_seed53,272,combined_stress,qam16_bw40_bo058,aligned_complex_pa_monitor_v2,2304,1,direct_suggestion,0,1,0,1,87363,87363,0,1,,fallback_14
combined_stress_qam16_bw40_bo058_seed67,273,combined_stress,qam16_bw40_bo058,aligned_complex_pa_monitor_v2,2304,1,direct_suggestion,0,1,0,1,117082,117082,0,1,,fallback_14
combined_stress_qam16_bw40_bo070_seed41,274,combined_stress,qam16_bw40_bo070,aligned_complex_pa_monitor_v2,2304,6,fallback_14,7,3,0,1,,,,1,,fallback_14
combined_stress_qam16_bw40_bo070_seed53,275,combined_stress,qam16_bw40_bo070,aligned_complex_pa_monitor_v2,2304,6,fallback_14,7,3,0,1,,,,1,,fallback_14
combined_stress_qam16_bw40_bo070_seed67,276,combined_stress,qam16_bw40_bo070,aligned_complex_pa_monitor_v2,2304,6,fallback_14,7,3,0,1,,,,1,,fallback_14
combined_stress_qam64_bw20_bo058_seed41,277,combined_stress,qam64_bw20_bo058,aligned_complex_pa_monitor_v2,1152,1,direct_suggestion,0,1,0,1,105264,105264,0,1,,fallback_14
combined_stress_qam64_bw20_bo058_seed53,278,combined_stress,qam64_bw20_bo058,aligned_complex_pa_monitor_v2,1152,1,direct_suggestion,0,1,0,1,76580,76580,0,1,,fallback_14
combined_stress_qam64_bw20_bo058_seed67,279,combined_stress,qam64_bw20_bo058,aligned_complex_pa_monitor_v2,1152,1,direct_suggestion,0,1,0,1,106426,106426,0,1,,fallback_14
combined_stress_qam64_bw20_bo070_seed41,280,combined_stress,qam64_bw20_bo070,aligned_complex_pa_monitor_v2,1152,4,direct_suggestion,11,4,0,1,131125,131125,0,1,,fallback_14
combined_stress_qam64_bw20_bo070_seed53,281,combined_stress,qam64_bw20_bo070,aligned_complex_pa_monitor_v2,1152,6,fallback_14,10,4,0,1,,,,1,,fallback_14
combined_stress_qam64_bw20_bo070_seed67,282,combined_stress,qam64_bw20_bo070,aligned_complex_pa_monitor_v2,1152,6,fallback_14,7,3,0,1,,,,1,,fallback_14
combined_stress_qam64_bw40_bo058_seed41,283,combined_stress,qam64_bw40_bo058,aligned_complex_pa_monitor_v2,2304,1,direct_suggestion,0,1,0,1,83443,83443,0,1,,fallback_14
combined_stress_qam64_bw40_bo058_seed53,284,combined_stress,qam64_bw40_bo058,aligned_complex_pa_monitor_v2,2304,1,direct_suggestion,0,1,0,1,73229,73229,0,1,,fallback_14
combined_stress_qam64_bw40_bo058_seed67,285,combined_stress,qam64_bw40_bo058,aligned_complex_pa_monitor_v2,2304,1,direct_suggestion,0,1,0,1,111032,111032,0,1,,fallback_14
combined_stress_qam64_bw40_bo070_seed41,286,combined_stress,qam64_bw40_bo070,aligned_complex_pa_monitor_v2,2304,6,fallback_14,7,3,0,1,,,,1,,fallback_14
combined_stress_qam64_bw40_bo070_seed53,287,combined_stress,qam64_bw40_bo070,aligned_complex_pa_monitor_v2,2304,6,fallback_14,7,3,0,1,,,,1,,fallback_14
combined_stress_qam64_bw40_bo070_seed67,288,combined_stress,qam64_bw40_bo070,aligned_complex_pa_monitor_v2,2304,6,fallback_14,7,3,0,1,,,,1,,fallback_14
