Part,Flow,Top,Algorithm,AlgorithmName,InterpMode,InterpName,DucMode,Status,LUT,FF,DSP,WNS_ns,Fmax_est_MHz
xczu15eg-ffvb1156-1-i,post_synth_ooc,dsm_ip_axi_alg0_interp0,0,LPDSM_1b,0,bypass,0,PASS,353,352,0,8.854,872.60
xczu15eg-ffvb1156-1-i,post_synth_ooc,dsm_ip_axi_alg0_interp1,0,LPDSM_1b,1,x4_halfband,0,PASS,3864,3984,468,6.096,256.15
xczu15eg-ffvb1156-1-i,post_synth_ooc,dsm_ip_axi_alg0_interp2,0,LPDSM_1b,2,x8_halfband,0,PASS,5616,5802,702,6.096,256.15
xczu15eg-ffvb1156-1-i,post_synth_ooc,dsm_ip_axi_alg0_interp3,0,LPDSM_1b,3,x16_halfband,0,PASS,7376,7620,936,6.096,256.15
xczu15eg-ffvb1156-1-i,post_synth_ooc,dsm_ip_axi_alg0_interp4,0,LPDSM_1b,4,x32_hb_cic_equiv_comp_fir,0,PASS,7827,8167,1278,5.847,240.79
xczu15eg-ffvb1156-1-i,post_synth_ooc,dsm_ip_axi_alg1_interp0,1,LPDSM2_1b,0,bypass,0,PASS,516,368,0,6.194,262.74
xczu15eg-ffvb1156-1-i,post_synth_ooc,dsm_ip_axi_alg1_interp1,1,LPDSM2_1b,1,x4_halfband,0,PASS,4028,4000,468,6.096,256.15
xczu15eg-ffvb1156-1-i,post_synth_ooc,dsm_ip_axi_alg1_interp2,1,LPDSM2_1b,2,x8_halfband,0,PASS,5780,5818,702,6.096,256.15
xczu15eg-ffvb1156-1-i,post_synth_ooc,dsm_ip_axi_alg1_interp3,1,LPDSM2_1b,3,x16_halfband,0,PASS,7540,7636,936,6.096,256.15
xczu15eg-ffvb1156-1-i,post_synth_ooc,dsm_ip_axi_alg1_interp4,1,LPDSM2_1b,4,x32_hb_cic_equiv_comp_fir,0,PASS,7991,8183,1278,5.847,240.79
xczu15eg-ffvb1156-1-i,post_synth_ooc,dsm_ip_axi_alg2_interp0,2,EFDSM_1b,0,bypass,0,PASS,429,344,0,7.427,388.65
xczu15eg-ffvb1156-1-i,post_synth_ooc,dsm_ip_axi_alg2_interp1,2,EFDSM_1b,1,x4_halfband,0,PASS,3940,3976,468,6.096,256.15
xczu15eg-ffvb1156-1-i,post_synth_ooc,dsm_ip_axi_alg2_interp2,2,EFDSM_1b,2,x8_halfband,0,PASS,5692,5794,702,6.096,256.15
xczu15eg-ffvb1156-1-i,post_synth_ooc,dsm_ip_axi_alg2_interp3,2,EFDSM_1b,3,x16_halfband,0,PASS,7452,7612,936,6.096,256.15
xczu15eg-ffvb1156-1-i,post_synth_ooc,dsm_ip_axi_alg2_interp4,2,EFDSM_1b,4,x32_hb_cic_equiv_comp_fir,0,PASS,7903,8159,1278,5.847,240.79
xczu15eg-ffvb1156-1-i,post_synth_ooc,dsm_ip_axi_alg3_interp0,3,EFDSM2_1b,0,bypass,0,PASS,564,400,0,6.398,277.62
xczu15eg-ffvb1156-1-i,post_synth_ooc,dsm_ip_axi_alg3_interp1,3,EFDSM2_1b,1,x4_halfband,0,PASS,4077,4032,468,6.096,256.15
xczu15eg-ffvb1156-1-i,post_synth_ooc,dsm_ip_axi_alg3_interp2,3,EFDSM2_1b,2,x8_halfband,0,PASS,5826,5850,702,6.096,256.15
xczu15eg-ffvb1156-1-i,post_synth_ooc,dsm_ip_axi_alg3_interp3,3,EFDSM2_1b,3,x16_halfband,0,PASS,7586,7668,936,6.096,256.15
xczu15eg-ffvb1156-1-i,post_synth_ooc,dsm_ip_axi_alg3_interp4,3,EFDSM2_1b,4,x32_hb_cic_equiv_comp_fir,0,PASS,8037,8215,1278,5.847,240.79
xczu15eg-ffvb1156-1-i,post_synth_ooc,dsm_ip_axi_alg4_interp0,4,MASH11_native,0,bypass,0,PASS,494,372,0,7.457,393.24
xczu15eg-ffvb1156-1-i,post_synth_ooc,dsm_ip_axi_alg4_interp1,4,MASH11_native,1,x4_halfband,0,PASS,4005,4004,468,6.096,256.15
xczu15eg-ffvb1156-1-i,post_synth_ooc,dsm_ip_axi_alg4_interp2,4,MASH11_native,2,x8_halfband,0,PASS,5757,5822,702,6.096,256.15
xczu15eg-ffvb1156-1-i,post_synth_ooc,dsm_ip_axi_alg4_interp3,4,MASH11_native,3,x16_halfband,0,PASS,7517,7640,936,6.096,256.15
xczu15eg-ffvb1156-1-i,post_synth_ooc,dsm_ip_axi_alg4_interp4,4,MASH11_native,4,x32_hb_cic_equiv_comp_fir,0,PASS,7968,8187,1278,5.847,240.79
xczu15eg-ffvb1156-1-i,post_synth_ooc,dsm_ip_axi_alg5_interp0,5,MASH111_native,0,bypass,0,PASS,620,420,0,7.443,391.08
xczu15eg-ffvb1156-1-i,post_synth_ooc,dsm_ip_axi_alg5_interp1,5,MASH111_native,1,x4_halfband,0,PASS,4134,4052,468,6.096,256.15
xczu15eg-ffvb1156-1-i,post_synth_ooc,dsm_ip_axi_alg5_interp2,5,MASH111_native,2,x8_halfband,0,PASS,5890,5870,702,6.096,256.15
xczu15eg-ffvb1156-1-i,post_synth_ooc,dsm_ip_axi_alg5_interp3,5,MASH111_native,3,x16_halfband,0,PASS,7641,7688,936,6.096,256.15
xczu15eg-ffvb1156-1-i,post_synth_ooc,dsm_ip_axi_alg5_interp4,5,MASH111_native,4,x32_hb_cic_equiv_comp_fir,0,PASS,8094,8235,1278,5.847,240.79
xczu15eg-ffvb1156-1-i,post_synth_ooc,dsm_ip_axi_alg6_interp0,6,MASH22_native,0,bypass,0,PASS,498,419,72,5.742,234.85
xczu15eg-ffvb1156-1-i,post_synth_ooc,dsm_ip_axi_alg6_interp1,6,MASH22_native,1,x4_halfband,0,PASS,4009,4051,540,5.546,224.52
xczu15eg-ffvb1156-1-i,post_synth_ooc,dsm_ip_axi_alg6_interp2,6,MASH22_native,2,x8_halfband,0,PASS,5761,5869,774,5.546,224.52
xczu15eg-ffvb1156-1-i,post_synth_ooc,dsm_ip_axi_alg6_interp3,6,MASH22_native,3,x16_halfband,0,PASS,7517,7687,1008,5.546,224.52
xczu15eg-ffvb1156-1-i,post_synth_ooc,dsm_ip_axi_alg6_interp4,6,MASH22_native,4,x32_hb_cic_equiv_comp_fir,0,PASS,7970,8234,1350,5.546,224.52
xczu15eg-ffvb1156-1-i,post_synth_ooc,dsm_ip_axi_alg7_interp0,7,LPDSM_multibit,0,bypass,0,PASS,718,332,0,6.945,327.33
xczu15eg-ffvb1156-1-i,post_synth_ooc,dsm_ip_axi_alg7_interp1,7,LPDSM_multibit,1,x4_halfband,0,PASS,4234,3964,468,6.096,256.15
xczu15eg-ffvb1156-1-i,post_synth_ooc,dsm_ip_axi_alg7_interp2,7,LPDSM_multibit,2,x8_halfband,0,PASS,5981,5782,702,6.096,256.15
xczu15eg-ffvb1156-1-i,post_synth_ooc,dsm_ip_axi_alg7_interp3,7,LPDSM_multibit,3,x16_halfband,0,PASS,7737,7600,936,6.096,256.15
xczu15eg-ffvb1156-1-i,post_synth_ooc,dsm_ip_axi_alg7_interp4,7,LPDSM_multibit,4,x32_hb_cic_equiv_comp_fir,0,PASS,8190,8147,1278,5.847,240.79
xczu15eg-ffvb1156-1-i,post_synth_ooc,dsm_ip_axi_alg8_interp0,8,LPDSM2_multibit,0,bypass,0,PASS,832,364,0,6.067,254.26
xczu15eg-ffvb1156-1-i,post_synth_ooc,dsm_ip_axi_alg8_interp1,8,LPDSM2_multibit,1,x4_halfband,0,PASS,4342,3996,468,6.067,254.26
xczu15eg-ffvb1156-1-i,post_synth_ooc,dsm_ip_axi_alg8_interp2,8,LPDSM2_multibit,2,x8_halfband,0,PASS,6096,5814,702,6.067,254.26
xczu15eg-ffvb1156-1-i,post_synth_ooc,dsm_ip_axi_alg8_interp3,8,LPDSM2_multibit,3,x16_halfband,0,PASS,7851,7632,936,6.067,254.26
xczu15eg-ffvb1156-1-i,post_synth_ooc,dsm_ip_axi_alg8_interp4,8,LPDSM2_multibit,4,x32_hb_cic_equiv_comp_fir,0,PASS,8304,8179,1278,5.847,240.79
xczu15eg-ffvb1156-1-i,post_synth_ooc,dsm_ip_axi_alg9_interp0,9,EFDSM_multibit,0,bypass,0,PASS,718,332,0,7.026,336.25
xczu15eg-ffvb1156-1-i,post_synth_ooc,dsm_ip_axi_alg9_interp1,9,EFDSM_multibit,1,x4_halfband,0,PASS,4232,3964,468,6.096,256.15
xczu15eg-ffvb1156-1-i,post_synth_ooc,dsm_ip_axi_alg9_interp2,9,EFDSM_multibit,2,x8_halfband,0,PASS,5982,5782,702,6.096,256.15
xczu15eg-ffvb1156-1-i,post_synth_ooc,dsm_ip_axi_alg9_interp3,9,EFDSM_multibit,3,x16_halfband,0,PASS,7737,7600,936,6.096,256.15
xczu15eg-ffvb1156-1-i,post_synth_ooc,dsm_ip_axi_alg9_interp4,9,EFDSM_multibit,4,x32_hb_cic_equiv_comp_fir,0,PASS,8190,8147,1278,5.847,240.79
xczu15eg-ffvb1156-1-i,post_synth_ooc,dsm_ip_axi_alg10_interp0,10,EFDSM2_multibit,0,bypass,0,PASS,828,364,0,6.043,252.72
xczu15eg-ffvb1156-1-i,post_synth_ooc,dsm_ip_axi_alg10_interp1,10,EFDSM2_multibit,1,x4_halfband,0,PASS,4339,3996,468,6.043,252.72
xczu15eg-ffvb1156-1-i,post_synth_ooc,dsm_ip_axi_alg10_interp2,10,EFDSM2_multibit,2,x8_halfband,0,PASS,6091,5814,702,6.043,252.72
xczu15eg-ffvb1156-1-i,post_synth_ooc,dsm_ip_axi_alg10_interp3,10,EFDSM2_multibit,3,x16_halfband,0,PASS,7847,7632,936,6.043,252.72
xczu15eg-ffvb1156-1-i,post_synth_ooc,dsm_ip_axi_alg10_interp4,10,EFDSM2_multibit,4,x32_hb_cic_equiv_comp_fir,0,PASS,8300,8179,1278,5.847,240.79
xczu15eg-ffvb1156-1-i,post_synth_ooc,dsm_ip_axi_alg11_interp0,11,MASH11_multibit,0,bypass,0,PASS,1199,389,0,6.760,308.64
xczu15eg-ffvb1156-1-i,post_synth_ooc,dsm_ip_axi_alg11_interp1,11,MASH11_multibit,1,x4_halfband,0,PASS,4715,4021,468,6.096,256.15
xczu15eg-ffvb1156-1-i,post_synth_ooc,dsm_ip_axi_alg11_interp2,11,MASH11_multibit,2,x8_halfband,0,PASS,6462,5839,702,6.096,256.15
xczu15eg-ffvb1156-1-i,post_synth_ooc,dsm_ip_axi_alg11_interp3,11,MASH11_multibit,3,x16_halfband,0,PASS,8220,7657,936,6.096,256.15
xczu15eg-ffvb1156-1-i,post_synth_ooc,dsm_ip_axi_alg11_interp4,11,MASH11_multibit,4,x32_hb_cic_equiv_comp_fir,0,PASS,8673,8204,1278,5.847,240.79
xczu15eg-ffvb1156-1-i,post_synth_ooc,dsm_ip_axi_alg12_interp0,12,MASH111_multibit,0,bypass,0,PASS,1706,453,0,6.320,271.74
xczu15eg-ffvb1156-1-i,post_synth_ooc,dsm_ip_axi_alg12_interp1,12,MASH111_multibit,1,x4_halfband,0,PASS,5217,4085,468,6.096,256.15
xczu15eg-ffvb1156-1-i,post_synth_ooc,dsm_ip_axi_alg12_interp2,12,MASH111_multibit,2,x8_halfband,0,PASS,6969,5903,702,6.096,256.15
xczu15eg-ffvb1156-1-i,post_synth_ooc,dsm_ip_axi_alg12_interp3,12,MASH111_multibit,3,x16_halfband,0,PASS,8732,7721,936,6.096,256.15
xczu15eg-ffvb1156-1-i,post_synth_ooc,dsm_ip_axi_alg12_interp4,12,MASH111_multibit,4,x32_hb_cic_equiv_comp_fir,0,PASS,9183,8268,1278,5.847,240.79
xczu15eg-ffvb1156-1-i,post_synth_ooc,dsm_ip_axi_alg13_interp0,13,MASH22_multibit,0,bypass,0,PASS,1438,461,0,5.720,233.64
xczu15eg-ffvb1156-1-i,post_synth_ooc,dsm_ip_axi_alg13_interp1,13,MASH22_multibit,1,x4_halfband,0,PASS,4953,4093,468,5.720,233.64
xczu15eg-ffvb1156-1-i,post_synth_ooc,dsm_ip_axi_alg13_interp2,13,MASH22_multibit,2,x8_halfband,0,PASS,6701,5911,702,5.720,233.64
xczu15eg-ffvb1156-1-i,post_synth_ooc,dsm_ip_axi_alg13_interp3,13,MASH22_multibit,3,x16_halfband,0,PASS,8462,7729,936,5.742,234.85
xczu15eg-ffvb1156-1-i,post_synth_ooc,dsm_ip_axi_alg13_interp4,13,MASH22_multibit,4,x32_hb_cic_equiv_comp_fir,0,PASS,8913,8276,1278,5.742,234.85
